year,status,flag,wrestler,name,team,weight_class,seed,placement,ncaa_wins,ncaa_losses,individual_id,cand_last_year,cand_last_team,cand_last_weight,cand_teams
2026,linked,transfer + 1-class move,AJ Ferrari (Nebraska),AJ Ferrari,Nebraska,285,4,Sixth,3,3,11,2025,Cal State-Bakersfield,197,Cal State-Bakersfield | Oklahoma State
2026,linked,transfer + 1-class move,Alex Facundo (Oklahoma State),Alex Facundo,Oklahoma State,174,8,NA,2,2,204,2023,Penn State,165,Penn State
2026,linked,2-yr gap,Anthony Echemendia (Iowa State),Anthony Echemendia,Iowa State,141,4,Sixth,4,3,416,2024,Iowa State,141,Iowa State
2026,linked,transfer,Blake Boarman (Purdue),Blake Boarman,Purdue,133,24,NA,0,2,986,2025,Tennessee-Chattanooga,133,Tennessee-Chattanooga
2026,linked,transfer + 1-class move,Braden Basile (Army West Point),Braden Basile,Army West Point,141,26,NA,0,2,1400,2024,Army,133,Army
2026,linked,transfer,Brady Colbert (Army West Point),Brady Colbert,Army West Point,285,15,NA,2,2,1406,2025,Army,285,Army
2026,linked,2-class move,Branson John (Maryland),Branson John,Maryland,197,16,Eighth,4,3,1458,2025,Maryland,174,Maryland
2026,linked,3-yr gap,Braxton Amos (Wisconsin),Braxton Amos,Wisconsin,285,12,NA,3,2,1459,2023,Wisconsin,197,Wisconsin
2026,linked,transfer,Brian Soldano (Oklahoma),Brian Soldano,Oklahoma,184,20,NA,2,2,1593,2024,Rutgers,184,Rutgers
2026,linked,2-yr gap,Cael Swensen (South Dakota State),Cael Swensen,South Dakota State,157,16,NA,1,2,1788,2024,South Dakota State,157,South Dakota State
2026,linked,2-yr gap,Cael Valencia (Arizona State),Cael Valencia,Arizona State,174,31,NA,0,2,1789,2024,Arizona State,174,Arizona State
2026,linked,transfer,Caleb Rathjen (Northern Iowa),Caleb Rathjen,Northern Iowa,149,14,NA,2,2,1803,2024,Iowa,149,Iowa
2026,linked,transfer,Caleb Tyus (SIU Edwardsville),Caleb Tyus,SIU Edwardsville,149,6,NA,1,2,1806,2024,SIU-Edwardsville,149,SIU-Edwardsville
2026,linked,transfer + 1-class move,Carter Young (Maryland),Carter Young,Maryland,149,12,NA,2,2,1881,2023,Oklahoma State,141,Oklahoma State
2026,linked,transfer,Casey Swiderski (Oklahoma State),Casey Swiderski,Oklahoma State,149,8,Eighth,3,3,1904,2024,Iowa State,149,Iowa State
2026,linked,transfer,Chance Lamer (Nebraska),Chance Lamer,Nebraska,149,20,Fourth,4,2,1958,2025,Cal Poly,149,Cal Poly | Michigan
2026,linked,2-class move,Chris Moore (Illinois),Chris Moore,Illinois,184,9,NA,2,2,2204,2024,Illinois,165,Illinois
2026,linked,transfer + 1-class move,Colton Hawks (Arizona State),Colton Hawks,Arizona State,197,29,NA,2,2,2476,2025,Missouri,184,Missouri
2026,linked,transfer,Colton Washleski (Virginia),Colton Washleski,Virginia,157,22,NA,0,2,2484,2024,Rider,157,Rider
2026,linked,transfer,Cooper Flynn (Chattanooga),Cooper Flynn,Chattanooga,125,26,NA,2,2,2508,2025,Minnesota,125,Minnesota | Virginia Tech
2026,linked,2-yr gap,Daniel Cardenas (Stanford),Daniel Cardenas,Stanford,157,9,NA,3,2,2872,2024,Stanford,157,Stanford
2026,linked,transfer,David Szuba (Arizona State),David Szuba,Arizona State,285,10,Seventh,5,2,3298,2024,Rider,285,Rider
2026,linked,transfer,Dean Peterson (Iowa),Dean Peterson,Iowa,125,8,NA,2,2,3342,2025,Rutgers,125,Rutgers
2026,linked,2-class move,Derek Gilcher (Indiana),Derek Gilcher,Indiana,174,26,NA,0,2,3434,2023,Indiana,157,Indiana
2026,linked,transfer,Diego Sotelo (Michigan),Diego Sotelo,Michigan,125,20,NA,0,2,3580,2024,Harvard,125,Harvard
2026,linked,transfer,Dylan Fishback (Ohio State),Dylan Fishback,Ohio State,184,12,NA,1,2,3959,2025,North Carolina State,184,North Carolina State
2026,linked,transfer + 2-class move,Elijah Griffin (Rider),Elijah Griffin,Rider,141,15,NA,3,2,4142,2024,California Baptist,125,California Baptist
2026,linked,transfer,Ethan Berginc (Army West Point),Ethan Berginc,Army West Point,133,14,NA,1,2,4309,2025,Army,133,Army
2026,linked,transfer,Ethan Stiles (Ohio State),Ethan Stiles,Ohio State,149,7,NA,1,2,4321,2025,Oregon State,149,Oregon State
2026,linked,transfer,Ethen Miller (Virginia Tech),Ethen Miller,Virginia Tech,157,14,NA,2,2,4323,2025,Maryland,157,Maryland
2026,linked,transfer,Evan Bates (Missouri),Evan Bates,Missouri,197,25,NA,2,2,4327,2025,Northwestern,197,Northwestern
2026,linked,2-yr gap,Gable Strickland (Lock Haven),Gable Strickland,Lock Haven,133,31,NA,0,2,4593,2024,Lock Haven,133,Lock Haven
2026,linked,transfer,Garrett Thompson (Ohio),Garrett Thompson,Ohio,174,24,NA,0,2,4621,2025,Ohio University,174,Ohio University
2026,linked,transfer,Gunner Filipowicz (Army West Point),Gunner Filipowicz,Army West Point,165,18,NA,0,2,5144,2025,Army,165,Army
2026,linked,transfer,Hunter Catka (Rutgers),Hunter Catka,Rutgers,285,27,NA,2,2,5357,2024,Virginia Tech,285,Virginia Tech
2026,linked,transfer,Isaac Dean (Iowa State),Isaac Dean,Iowa State,184,13,NA,0,2,5393,2025,Rider,184,Rider
2026,linked,transfer,Isaac Trumble (NC State),Isaac Trumble,NC State,285,2,First,5,0,5398,2025,North Carolina State,285,North Carolina State
2026,linked,transfer,Jaden Bullock (Virginia Tech),Jaden Bullock,Virginia Tech,184,14,NA,2,2,5587,2024,Michigan,184,Michigan
2026,linked,transfer,Jore Volk (Minnesota),Jore Volk,Minnesota,125,6,Seventh,4,2,7345,2024,Wyoming,125,Wyoming
2026,linked,2-yr gap,Joseph Zargo (Wisconsin),Joseph Zargo,Wisconsin,149,13,NA,0,2,7374,2024,Wisconsin,149,Wisconsin
2026,linked,2-yr gap,Justin Rademacher (Oregon State),Justin Rademacher,Oregon State,197,6,NA,1,2,7509,2024,Oregon State,197,Oregon State
2026,linked,2-class move,Kai Owen (Columbia),Kai Owen,Columbia,157,19,NA,3,2,7536,2024,Columbia,141,Columbia
2026,linked,2-yr gap,Konner Doucet (Oklahoma State),Konner Doucet,Oklahoma State,285,7,Fourth,5,2,7921,2024,Oklahoma State,285,Oklahoma State
2026,linked,transfer,Koy Buesgens (NC State),Koy Buesgens,NC State,149,5,NA,2,2,7929,2025,North Carolina State,149,North Carolina State
2026,linked,transfer,Kysen Terukina (North Carolina),Kysen Terukina,North Carolina,125,19,NA,1,2,8014,2024,Iowa State,125,Iowa State
2026,linked,transfer,Lachlan McNeil (Michigan),Lachlan McNeil,Michigan,149,11,Third,5,1,8027,2025,North Carolina,149,North Carolina
2026,linked,transfer,Lenny Pinto (Rutgers),Lenny Pinto,Rutgers,174,21,NA,1,2,8224,2025,Nebraska,174,Nebraska
2026,linked,2-yr gap,Luke Geog (Ohio State),Luke Geog,Ohio State,197,12,NA,3,2,8416,2024,Ohio State,197,Ohio State
2026,linked,2-class move,Luke Stanich (Lehigh),Luke Stanich,Lehigh,141,5,Third,5,1,8438,2024,Lehigh,125,Lehigh
2026,linked,3-yr gap,Matthew Olguin (Oregon State),Matthew Olguin,Oregon State,165,22,NA,0,2,8960,2023,Oregon State,165,Oregon State
2026,linked,2-yr gap,Max Brignola (Lehigh),Max Brignola,Lehigh,165,7,NA,3,2,8976,2024,Lehigh,157,Lehigh
2026,linked,2-yr gap,Maximilian Leete (American),Maximilian Leete,American,133,10,NA,3,2,9005,2024,American,133,American
2026,linked,transfer + 1-class move,Nasir Bailey (Iowa),Nasir Bailey,Iowa,141,7,NA,2,2,9630,2025,Little Rock,133,Little Rock
2026,linked,2-yr gap,Nathan Taylor (Lehigh),Nathan Taylor,Lehigh,285,6,NA,1,2,9682,2024,Lehigh,285,Lehigh
2026,linked,2-yr gap,Nico Provo (Stanford),Nico Provo,Stanford,125,7,Third,7,1,9835,2024,Stanford,125,Stanford
2026,linked,transfer,Remy Cotton (Rutgers),Remy Cotton,Rutgers,197,15,NA,2,2,10553,2025,Michigan State,197,Michigan State
2026,linked,transfer + 1-class move,Rocco Welsh (Penn State),Rocco Welsh,Penn State,184,1,Second,4,1,10916,2024,Ohio State,174,Ohio State
2026,linked,transfer,Rocky Elam (Iowa State),Rocky Elam,Iowa State,197,2,NA,1,2,10919,2024,Missouri,197,Missouri
2026,linked,2-class move,Ryan Burgos (Edinboro),Ryan Burgos,Edinboro,165,29,NA,0,2,11204,2023,Edinboro,149,Edinboro
2026,linked,transfer,Ryan Jack (NC State),Ryan Jack,NC State,141,16,NA,1,2,11232,2024,North Carolina State,141,North Carolina State
2026,linked,transfer + 1-class move,Sal Perrine (Ohio),Sal Perrine,Ohio,184,15,NA,2,2,11297,2023,Ohio University,174,Ohio University
2026,linked,transfer,Sean Spidle (Northwestern),Sean Spidle,Northwestern,133,21,NA,0,2,11532,2025,Central Michigan,133,Central Michigan
2026,linked,transfer,Sergio Desiante (Virginia Tech),Sergio Desiante,Virginia Tech,174,25,NA,2,2,11541,2025,Tennessee-Chattanooga,174,Tennessee-Chattanooga
2026,linked,transfer,Spencer Moore (Illinois),Spencer Moore,Illinois,125,18,NA,1,2,11688,2025,North Carolina,125,North Carolina
2026,linked,transfer,Stevo Poulin (Iowa State),Stevo Poulin,Iowa State,125,13,NA,2,2,11965,2025,Northern Colorado,125,Northern Colorado
2026,linked,transfer,Taye Ghadiali (Michigan),Taye Ghadiali,Michigan,285,3,Third,5,1,12023,2024,Campbell,285,Campbell
2026,linked,2-yr gap,Tom Crook (Virginia Tech),Tom Crook,Virginia Tech,141,25,NA,0,2,12350,2024,Virginia Tech,141,Virginia Tech
2026,linked,2-yr gap,Tomas Brooker (Appalachian State),Tomas Brooker,Appalachian State,184,21,NA,0,2,12530,2024,Appalachian State,184,Appalachian State
2026,linked,2-yr gap,Ty Watters (West Virginia),Ty Watters,West Virginia,157,11,Sixth,3,3,12739,2024,West Virginia,149,West Virginia
2026,linked,2-class move,Ty Whalen (Princeton),Ty Whalen,Princeton,165,20,NA,1,2,12741,2025,Princeton,149,Princeton
2026,linked,2-yr gap,Tyler Klinsky (Rider),Tyler Klinsky,Rider,125,11,Eighth,4,3,12765,2024,Rider,125,Rider
2026,linked,transfer + 1-class move,Tyler Wells (Oklahoma),Tyler Wells,Oklahoma,141,21,NA,2,2,12790,2025,Minnesota,133,Minnesota
2026,linked,2-yr gap,Vance Vombaur (Minnesota),Vance Vombaur,Minnesota,141,8,NA,2,2,12814,2024,Minnesota,141,Minnesota
2026,linked,3-yr gap,Vince Cornella (Cornell),Vince Cornella,Cornell,141,6,NA,2,2,12856,2023,Cornell,141,Cornell
2026,linked,transfer,Vincent Robinson (NC State),Vincent Robinson,NC State,125,12,Fourth,6,2,12883,2025,North Carolina State,125,North Carolina State
2026,linked,transfer,Vinny Zerban (Iowa State),Vinny Zerban,Iowa State,157,12,NA,1,2,12891,2025,Northern Colorado,157,Northern Colorado
2026,linked,2-yr gap,Yonger Bastida (Iowa State),Yonger Bastida,Iowa State,285,1,Second,4,1,13137,2024,Iowa State,285,Iowa State
2026,linked,transfer,Zach Redding (NC State),Zach Redding,NC State,133,22,NA,0,2,13168,2023,Iowa State,133,Iowa State
2026,linked,transfer + 1-class move,Zayne Lehman (Ohio),Zayne Lehman,Ohio,197,19,NA,2,2,13204,2023,Ohio University,184,Ohio University
2026,linked,,Aidan Brenot (North Dakota State),Aidan Brenot,North Dakota State,184,27,NA,0,2,94,2025,North Dakota State,184,North Dakota State
2026,linked,,Andrew Clark (Rutgers),Andrew Clark,Rutgers,149,24,NA,0,2,301,2025,Rutgers,149,Rutgers
2026,linked,,Andrew Sparks (Minnesota),Andrew Sparks,Minnesota,165,13,Fifth,6,2,334,2025,Minnesota,165,Minnesota
2026,linked,,Antrell Taylor (Nebraska),Antrell Taylor,Nebraska,157,2,Second,4,1,452,2025,Nebraska,157,Nebraska
2026,linked,,Avery Bassett (Lock Haven),Avery Bassett,Lock Haven,174,29,NA,0,2,553,2025,Lock Haven,174,Lock Haven
2026,linked,,Beau Mantanona (Michigan),Beau Mantanona,Michigan,174,9,Seventh,4,2,604,2025,Michigan,165,Michigan
2026,linked,,Ben Kueter (Iowa),Ben Kueter,Iowa,285,8,Fifth,5,2,645,2025,Iowa,285,Iowa
2026,linked,,Bennett Berge (South Dakota State),Bennett Berge,South Dakota State,197,13,NA,1,2,686,2025,South Dakota State,184,South Dakota State
2026,linked,,Braeden Davis (Penn State),Braeden Davis,Penn State,141,14,NA,2,2,1411,2025,Penn State,133,Penn State
2026,linked,,Braeden Scoles (Illinois),Braeden Scoles,Illinois,165,17,NA,0,2,1412,2025,Illinois,165,Illinois
2026,linked,,Brandon Cannon (Ohio State),Brandon Cannon,Ohio State,157,8,Fourth,5,2,1418,2025,Ohio State,157,Ohio State
2026,linked,,Braxton Brown (Maryland),Braxton Brown,Maryland,133,23,NA,2,2,1460,2025,Maryland,133,Maryland
2026,linked,,Brock Hardy (Nebraska),Brock Hardy,Nebraska,141,3,Fourth,4,2,1613,2025,Nebraska,141,Nebraska
2026,linked,,Brock Zurawski (Rider),Brock Zurawski,Rider,197,24,NA,1,2,1618,2025,Rider,197,Rider
2026,linked,,Brody Baumann (Purdue),Brody Baumann,Purdue,174,22,NA,1,2,1620,2025,Purdue,174,Purdue
2026,linked,,CJ Composto (Penn),CJ Composto,Penn,141,11,Seventh,5,2,1780,2025,Penn,141,Penn
2026,linked,,Cam Steed (Missouri),Cam Steed,Missouri,174,7,Fifth,4,2,1814,2025,Missouri,165,Missouri
2026,linked,,Camden McDanel (Nebraska),Camden McDanel,Nebraska,197,11,Fifth,5,2,1819,2025,Nebraska,197,Nebraska
2026,linked,,Carson Kharchla (Ohio State),Carson Kharchla,Ohio State,174,4,Fourth,5,2,1876,2025,Ohio State,174,Ohio State
2026,linked,,Cesar Alvan (Columbia),Cesar Alvan,Columbia,165,12,Third,5,1,1923,2025,Columbia,165,Columbia
2026,linked,,Christopher Minto (Nebraska),Christopher Minto,Nebraska,174,3,Second,4,1,2277,2025,Nebraska,165,Nebraska
2026,linked,,Cody Goebel (Wisconsin),Cody Goebel,Wisconsin,165,28,NA,1,2,2410,2025,Wisconsin,165,Wisconsin
2026,linked,,Connor Barket (Duke),Connor Barket,Duke,285,24,NA,1,2,2489,2025,Duke,285,Duke
2026,linked,,Cross Wasilewski (Penn),Cross Wasilewski,Penn,149,3,Seventh,4,2,2601,2025,Penn,149,Penn
2026,linked,,DJ McGee (George Mason),DJ McGee,George Mason,157,18,NA,2,2,2637,2025,George Mason,157,George Mason
2026,linked,,DJ Parker (Oklahoma),DJ Parker,Oklahoma,197,8,NA,0,2,2638,2025,Oklahoma,184,Oklahoma
2026,linked,,Danny Wask (Navy),Danny Wask,Navy,174,15,Sixth,4,3,2906,2025,Navy,174,Navy
2026,linked,,Dayton Pitzer (Pittsburgh),Dayton Pitzer,Pittsburgh,285,20,NA,3,2,3321,2025,Pittsburgh,285,Pittsburgh
2026,linked,,Dillon Bechtold (Bucknell),Dillon Bechtold,Bucknell,197,17,NA,1,2,3582,2025,Bucknell,197,Bucknell
2026,linked,,Dominick Serrano (Northern Colorado),Dominick Serrano,Northern Colorado,133,9,NA,1,2,3615,2025,Northern Colorado,133,Northern Colorado
2026,linked,,Drake Ayala (Iowa),Drake Ayala,Iowa,133,6,Fifth,5,2,3880,2025,Iowa,133,Iowa
2026,linked,,Dylan Chappell (Bucknell),Dylan Chappell,Bucknell,141,23,NA,2,2,3952,2025,Bucknell,141,Bucknell
2026,linked,,Dylan Evans (Pittsburgh),Dylan Evans,Pittsburgh,157,27,NA,2,2,3958,2025,Pittsburgh,157,Pittsburgh
2026,linked,,Dylan Shawver (Rutgers),Dylan Shawver,Rutgers,133,26,NA,0,2,3970,2025,Rutgers,133,Rutgers
2026,linked,,Eddie Neitenbach (Wyoming),Eddie Neitenbach,Wyoming,184,6,Seventh,4,2,4103,2025,Wyoming,184,Wyoming
2026,linked,,Eddie Ventresca (Virginia Tech),Eddie Ventresca,Virginia Tech,125,2,NA,2,2,4108,2025,Virginia Tech,125,Virginia Tech
2026,linked,,Eligh Rivera (Princeton),Eligh Rivera,Princeton,149,22,NA,0,2,4140,2025,Princeton,141,Princeton
2026,linked,,Gabe Arnold (Iowa),Gabe Arnold,Iowa,197,27,Seventh,5,2,4581,2025,Iowa,184,Iowa
2026,linked,,Gabe Sollars (Indiana),Gabe Sollars,Indiana,197,14,NA,2,2,4586,2025,Indiana,197,Indiana
2026,linked,,Gabe Willochell (Wyoming),Gabe Willochell,Wyoming,149,21,NA,3,2,4590,2025,Wyoming,149,Edinboro | Wyoming
2026,linked,,Gavin Drexler (North Dakota State),Gavin Drexler,North Dakota State,157,28,NA,0,2,4737,2025,North Dakota State,149,North Dakota State
2026,linked,,Ian Bush (West Virginia),Ian Bush,West Virginia,184,17,NA,0,2,5370,2025,West Virginia,197,West Virginia
2026,linked,,Jacob Frost (Iowa State),Jacob Frost,Iowa State,149,16,NA,3,2,5547,2025,Iowa State,141,Iowa State
2026,linked,,Jacob Moran (Indiana),Jacob Moran,Indiana,125,14,Sixth,3,3,5562,2025,Indiana,125,Indiana
2026,linked,,Jacob Van Dee (Nebraska),Jacob Van Dee,Nebraska,133,13,Seventh,5,2,5576,2025,Nebraska,133,Nebraska
2026,linked,,Jared Keslar (Pittsburgh),Jared Keslar,Pittsburgh,165,31,NA,1,2,5762,2025,Pittsburgh,165,Pittsburgh
2026,linked,,Jared McGill (Edinboro),Jared McGill,Edinboro,184,19,NA,1,2,5764,2025,Edinboro,184,Edinboro
2026,linked,,Jared Simma (Northern Iowa),Jared Simma,Northern Iowa,174,17,NA,1,2,5770,2025,Northern Iowa,174,Northern Iowa
2026,linked,,Jesse Mendez (Ohio State),Jesse Mendez,Ohio State,141,1,Second,4,1,6205,2025,Ohio State,141,Ohio State
2026,linked,,Jett Strickenberger (West Virginia),Jett Strickenberger,West Virginia,125,17,NA,3,2,6222,2025,West Virginia,125,West Virginia
2026,linked,,Jimmy Mullen (Virginia Tech),Jimmy Mullen,Virginia Tech,285,16,NA,1,2,6502,2025,Virginia Tech,285,Virginia Tech
2026,linked,,Joey Blaze (Purdue),Joey Blaze,Purdue,165,2,Sixth,3,3,6766,2025,Purdue,157,Purdue
2026,linked,,Jordan Titus (West Virginia),Jordan Titus,West Virginia,141,29,NA,1,2,7341,2025,West Virginia,141,West Virginia
2026,linked,,Josh Barr (Penn State),Josh Barr,Penn State,197,1,First,5,0,7380,2025,Penn State,197,Penn State
2026,linked,,Jude Swisher (Penn),Jude Swisher,Penn,157,6,NA,3,2,7458,2025,Penn,157,Penn
2026,linked,,Julian Farber (Northern Iowa),Julian Farber,Northern Iowa,133,20,NA,3,2,7463,2025,Northern Iowa,133,Northern Iowa
2026,linked,,Julian Tagg (South Dakota State),Julian Tagg,South Dakota State,141,20,NA,0,2,7471,2025,South Dakota State,141,South Dakota State
2026,linked,,Kaden Cassidy (George Mason),Kaden Cassidy,George Mason,149,29,NA,1,2,7531,2025,George Mason,149,George Mason
2026,linked,,Kannon Webster (Illinois),Kannon Webster,Illinois,157,7,Fifth,5,2,7545,2025,Illinois,149,Illinois
2026,linked,,Koda Holeman (Cal Poly),Koda Holeman,Cal Poly,125,15,NA,0,2,7914,2025,Cal Poly,125,Cal Poly
2026,linked,,Levi Haines (Penn State),Levi Haines,Penn State,174,1,First,5,0,8290,2025,Penn State,174,Penn State
2026,linked,,Logan Rozynski (Lehigh),Logan Rozynski,Lehigh,157,10,NA,1,2,8335,2025,Lehigh,157,Lehigh
2026,linked,,Lorenzo Frezza (Columbia),Lorenzo Frezza,Columbia,141,22,NA,0,2,8358,2025,Columbia,141,Columbia
2026,linked,,Luca Augustine (Pittsburgh),Luca Augustine,Pittsburgh,174,23,NA,1,2,8402,2025,Pittsburgh,174,Pittsburgh
2026,linked,,Lucas Byrd (Illinois),Lucas Byrd,Illinois,133,7,Eighth,3,3,8404,2025,Illinois,133,Illinois
2026,linked,,Luke Lilledahl (Penn State),Luke Lilledahl,Penn State,125,1,First,5,0,8421,2025,Penn State,125,Penn State
2026,linked,,Luke Luffman (Illinois),Luke Luffman,Illinois,285,26,NA,0,2,8423,2025,Illinois,285,Illinois
2026,linked,,Luke Rasmussen (South Dakota State),Luke Rasmussen,South Dakota State,285,29,NA,0,2,8431,2025,South Dakota State,285,South Dakota State
2026,linked,,MJ Gaitan (Iowa State),MJ Gaitan,Iowa State,174,11,Eighth,3,3,8463,2025,Iowa State,174,Iowa State
2026,linked,,Mac Church (Virginia Tech),Mac Church,Virginia Tech,165,25,NA,0,2,8464,2025,Virginia Tech,165,Virginia Tech
2026,linked,,Mac Stout (Pittsburgh),Mac Stout,Pittsburgh,197,10,NA,2,2,8466,2025,Pittsburgh,197,Pittsburgh
2026,linked,,Malachi DuVall (George Mason),Malachi DuVall,George Mason,184,25,NA,1,2,8478,2025,George Mason,184,George Mason
2026,linked,,Marc-Anthony McGowan (Princeton),Marc-Anthony McGowan,Princeton,125,10,Second,4,1,8514,2025,Princeton,125,Princeton
2026,linked,,Mason Shrader (Central Michigan),Mason Shrader,Central Michigan,157,25,NA,0,2,8795,2025,Central Michigan,149,Central Michigan
2026,linked,,Matty Bianchi (Little Rock),Matty Bianchi,Little Rock,165,8,NA,2,2,8970,2025,Little Rock,157,Little Rock
2026,linked,,Max McEnelly (Minnesota),Max McEnelly,Minnesota,184,3,First,5,0,8989,2025,Minnesota,184,Minnesota
2026,linked,,Maximo Renteria (Oregon State),Maximo Renteria,Oregon State,125,9,NA,1,2,9007,2025,Oregon State,125,Oregon State
2026,linked,,Meyer Shapiro (Cornell),Meyer Shapiro,Cornell,157,3,Eighth,3,3,9052,2025,Cornell,157,Cornell
2026,linked,,Mitchell Mesenbrink (Penn State),Mitchell Mesenbrink,Penn State,165,1,First,5,0,9580,2025,Penn State,165,Penn State
2026,linked,,Myles Takats (Bucknell),Myles Takats,Bucknell,174,10,NA,1,2,9618,2025,Bucknell,174,Bucknell
2026,linked,,Nash Singleton (Oregon State),Nash Singleton,Oregon State,141,24,NA,1,2,9628,2025,Oregon State,141,Oregon State
2026,linked,,Nic Bouzakis (Ohio State),Nic Bouzakis,Ohio State,125,3,NA,2,2,9731,2025,Ohio State,133,Ohio State
2026,linked,,Nicco Ruiz (Arizona State),Nicco Ruiz,Arizona State,165,4,Fourth,5,2,9732,2025,Arizona State,165,Arizona State
2026,linked,,Nick Feldman (Ohio State),Nick Feldman,Ohio State,285,5,NA,2,2,9760,2025,Ohio State,285,Ohio State
2026,linked,,Nick Fine (Columbia),Nick Fine,Columbia,174,16,NA,1,2,9762,2025,Columbia,184,Columbia
2026,linked,,Nicolar Rivera (Wisconsin),Nicolar Rivera,Wisconsin,125,23,NA,0,2,9836,2025,Wisconsin,125,Wisconsin
2026,linked,,Noah Mulvaney (Bucknell),Noah Mulvaney,Bucknell,165,19,NA,2,2,9848,2025,Bucknell,165,Bucknell
2026,linked,,Paddy Gallagher (Ohio State),Paddy Gallagher,Ohio State,165,16,Eighth,4,3,9928,2025,Ohio State,165,Ohio State
2026,linked,,Patrick Kennedy (Iowa),Patrick Kennedy,Iowa,174,5,Third,5,1,10042,2025,Iowa,174,Iowa
2026,linked,,Ryder Downey (Northern Iowa),Ryder Downey,Northern Iowa,165,11,NA,3,2,11282,2025,Northern Iowa,157,Northern Iowa
2026,linked,,Shane Cartagena-Walsh (Rutgers),Shane Cartagena-Walsh,Rutgers,184,11,NA,2,2,11570,2025,Rutgers,184,Rutgers
2026,linked,,Shayne Van Ness (Penn State),Shayne Van Ness,Penn State,149,1,Second,4,1,11637,2025,Penn State,149,Penn State
2026,linked,,Sheldon Seymour (Lehigh),Sheldon Seymour,Lehigh,125,4,NA,2,2,11641,2025,Lehigh,125,Lehigh
2026,linked,,Silas Allred (Nebraska),Silas Allred,Nebraska,184,8,NA,2,2,11666,2025,Nebraska,184,Nebraska
2026,linked,,Simon Ruiz (Cornell),Simon Ruiz,Cornell,174,2,NA,3,2,11670,2025,Cornell,174,Cornell
2026,linked,,Stephan Monchery (Appalachian State),Stephan Monchery,Appalachian State,285,23,NA,1,2,11718,2025,Appalachian State,285,Appalachian State
2026,linked,,Stephen Little (Little Rock),Stephen Little,Little Rock,197,3,Third,5,1,11727,2025,Little Rock,197,Little Rock
2026,linked,,Thomas Snipes (The Citadel),Thomas Snipes,The Citadel,165,30,NA,2,2,12160,2025,The Citadel,165,The Citadel
2026,linked,,Trevor Tinker (Cal Poly),Trevor Tinker,Cal Poly,285,22,NA,0,2,12687,2025,Cal Poly,285,Cal Poly
2026,linked,,Troy Spratley (Oklahoma State),Troy Spratley,Oklahoma State,125,5,Fifth,4,2,12718,2025,Oklahoma State,125,Oklahoma State
2026,linked,,Tyler Ferrara (Cornell),Tyler Ferrara,Cornell,133,11,NA,1,2,12758,2025,Cornell,133,Cornell
2026,linked,,Tyler Knox (Stanford),Tyler Knox,Stanford,133,15,Sixth,5,3,12766,2025,Stanford,133,Stanford
2026,linked,,Tyler Lillard (Indiana),Tyler Lillard,Indiana,165,26,NA,1,2,12769,2025,Indiana,165,Indiana
2026,linked,,Wyatt Henson (Lock Haven),Wyatt Henson,Lock Haven,141,13,Eighth,4,3,13124,2025,Lock Haven,141,Lock Haven | Oklahoma
2026,linked,,Zan Fugitt (Wisconsin),Zan Fugitt,Wisconsin,133,16,NA,1,2,13202,2025,Wisconsin,133,Wisconsin
2026,new,,Aaron Seidel (Virginia Tech),Aaron Seidel,Virginia Tech,133,4,Third,5,1,NA,NA,NA,NA,NA
2026,new,,Abraham Wojcikiewicz (Stanford),Abraham Wojcikiewicz,Stanford,184,28,NA,1,2,NA,NA,NA,NA,NA
2026,new,,Aden Valencia (Stanford),Aden Valencia,Stanford,149,10,First,5,0,NA,NA,NA,NA,NA
2026,new,,Aeoden Sinclair (Missouri),Aeoden Sinclair,Missouri,184,2,Third,6,1,NA,NA,NA,NA,NA
2026,new,,Aldo Hernandez (Appalachian State),Aldo Hernandez,Appalachian State,141,33,NA,1,2,NA,NA,NA,NA,NA
2026,new,,Alex Semenenko (Brown),Alex Semenenko,Brown,285,25,NA,0,2,NA,NA,NA,NA,NA
2026,new,,Anderson Heap (Davidson),Anderson Heap,Davidson,149,26,NA,0,2,NA,NA,NA,NA,NA
2026,new,,Andrew Austin (Central Michigan),Andrew Austin,Central Michigan,133,32,NA,1,2,NA,NA,NA,NA,NA
2026,new,,Andrew Barbosa (Rutgers),Andrew Barbosa,Rutgers,165,14,NA,0,2,NA,NA,NA,NA,NA
2026,new,,Andrew Binni (Navy),Andrew Binni,Navy,125,28,NA,0,2,NA,NA,NA,NA,NA
2026,new,,Andrew Reall (Brown),Andrew Reall,Brown,197,18,NA,3,2,NA,NA,NA,NA,NA
2026,new,,Angelo Posada (Stanford),Angelo Posada,Stanford,197,9,Sixth,4,3,NA,NA,NA,NA,NA
2026,new,,Austin McBurney (Brown),Austin McBurney,Brown,149,33,NA,2,2,NA,NA,NA,NA,NA
2026,new,,Ben Davino (Ohio State),Ben Davino,Ohio State,133,2,Second,4,1,NA,NA,NA,NA,NA
2026,new,,Ben Vanadia (Purdue),Ben Vanadia,Purdue,197,26,NA,0,2,NA,NA,NA,NA,NA
2026,new,,Billy DeKraker (Northwestern),Billy DeKraker,Northwestern,141,31,NA,0,2,NA,NA,NA,NA,NA
2026,new,,Blake Schaffer (Kent State),Blake Schaffer,Kent State,197,32,NA,1,2,NA,NA,NA,NA,NA
2026,new,,Brady Roark (South Dakota State),Brady Roark,South Dakota State,125,27,NA,1,2,NA,NA,NA,NA,NA
2026,new,,Brenan Morgan (Virginia),Brenan Morgan,Virginia,285,31,NA,0,2,NA,NA,NA,NA,NA
2026,new,,Brock Herman (Little Rock),Brock Herman,Little Rock,149,19,NA,1,2,NA,NA,NA,NA,NA
2026,new,,Brock Woodcock (SIU Edwardsville),Brock Woodcock,SIU Edwardsville,165,21,NA,0,2,NA,NA,NA,NA,NA
2026,new,,Bryce Hepner (North Carolina),Bryce Hepner,North Carolina,165,9,Seventh,4,2,NA,NA,NA,NA,NA
2026,new,,Bryce Lowery (Indiana),Bryce Lowery,Indiana,157,29,NA,1,2,NA,NA,NA,NA,NA
2026,new,,Caedyn Ricciardi (Navy),Caedyn Ricciardi,Navy,141,17,NA,1,2,NA,NA,NA,NA,NA
2026,new,,Caleb Campos (American),Caleb Campos,American,184,10,Fourth,6,2,NA,NA,NA,NA,NA
2026,new,,Caleb Uhlenhopp (Utah Valley),Caleb Uhlenhopp,Utah Valley,184,32,NA,2,2,NA,NA,NA,NA,NA
2026,new,,Cameron Catrabone (Michigan),Cameron Catrabone,Michigan,157,15,Seventh,5,2,NA,NA,NA,NA,NA
2026,new,,Carter Baer (Binghamton),Carter Baer,Binghamton,174,13,NA,2,2,NA,NA,NA,NA,NA
2026,new,,Carter Nogle (Air Force),Carter Nogle,Air Force,141,18,Fifth,6,2,NA,NA,NA,NA,NA
2026,new,,Carter Schmidt (Oklahoma),Carter Schmidt,Oklahoma,133,33,NA,1,2,NA,NA,NA,NA,NA
2026,new,,Carter Schubert (Oklahoma),Carter Schubert,Oklahoma,174,12,NA,3,2,NA,NA,NA,NA,NA
2026,new,,Ceasar Garza (Cal Poly),Ceasar Garza,Cal Poly,184,23,NA,0,2,NA,NA,NA,NA,NA
2026,new,,Charlie Millard (Minnesota),Charlie Millard,Minnesota,157,21,NA,1,2,NA,NA,NA,NA,NA
2026,new,,Chase Kranitz (Pittsburgh),Chase Kranitz,Pittsburgh,184,26,NA,1,2,NA,NA,NA,NA,NA
2026,new,,Chris Earnest (Kent State),Chris Earnest,Kent State,165,23,NA,0,2,NA,NA,NA,NA,NA
2026,new,,Christian Carroll (Wyoming),Christian Carroll,Wyoming,285,18,Eighth,4,3,NA,NA,NA,NA,NA
2026,new,,Clayton Jones (Michigan State),Clayton Jones,Michigan State,149,32,NA,0,2,NA,NA,NA,NA,NA
2026,new,,Cody Merrill (Oklahoma State),Cody Merrill,Oklahoma State,197,7,Second,4,1,NA,NA,NA,NA,NA
2026,new,,Cody Walsh (Drexel),Cody Walsh,Drexel,165,32,NA,3,2,NA,NA,NA,NA,NA
2026,new,,Cole Mirasola (Penn State),Cole Mirasola,Penn State,285,9,NA,2,2,NA,NA,NA,NA,NA
2026,new,,Colin Kelly (Illinois),Colin Kelly,Illinois,174,18,NA,3,2,NA,NA,NA,NA,NA
2026,new,,Collin Carrigan (North Carolina),Collin Carrigan,North Carolina,174,27,NA,0,2,NA,NA,NA,NA,NA
2026,new,,Collin Gaj (Virginia Tech),Collin Gaj,Virginia Tech,149,4,Fifth,6,2,NA,NA,NA,NA,NA
2026,new,,Connor Euton (Iowa State),Connor Euton,Iowa State,165,15,NA,1,2,NA,NA,NA,NA,NA
2026,new,,Conrad Hendriksen (Oklahoma),Conrad Hendriksen,Oklahoma,125,21,NA,1,2,NA,NA,NA,NA,NA
2026,new,,Dario Lemus (Maryland),Dario Lemus,Maryland,141,30,NA,0,2,NA,NA,NA,NA,NA
2026,new,,Daschle Lamer (Oregon State),Daschle Lamer,Oregon State,174,20,NA,1,2,NA,NA,NA,NA,NA
2026,new,,Davis Motyka (Penn),Davis Motyka,Penn,125,22,NA,0,2,NA,NA,NA,NA,NA
2026,new,,Derek Raike (Ohio),Derek Raike,Ohio,157,13,NA,0,2,NA,NA,NA,NA,NA
2026,new,,Desmond Pleasant (Drexel),Desmond Pleasant,Drexel,125,31,NA,1,2,NA,NA,NA,NA,NA
2026,new,,Devin Wasley (North Dakota State),Devin Wasley,North Dakota State,197,22,NA,0,2,NA,NA,NA,NA,NA
2026,new,,Devon Dawson (Northern Illinois),Devon Dawson,Northern Illinois,285,11,NA,1,2,NA,NA,NA,NA,NA
2026,new,,Dylan Layton (Rider),Dylan Layton,Rider,149,30,NA,1,2,NA,NA,NA,NA,NA
2026,new,,EJ Parco (Stanford),EJ Parco,Stanford,165,27,NA,2,2,NA,NA,NA,NA,NA
2026,new,,Emmanuel Ulrich (American),Emmanuel Ulrich,American,285,32,NA,1,2,NA,NA,NA,NA,NA
2026,new,,Eugene Harney (Morgan State),Eugene Harney,Morgan State,149,18,NA,1,2,NA,NA,NA,NA,NA
2026,new,,Evan Mougalian (Penn),Evan Mougalian,Penn,133,12,NA,2,2,NA,NA,NA,NA,NA
2026,new,,Ezekiel Witt (North Dakota State),Ezekiel Witt,North Dakota State,125,16,NA,2,2,NA,NA,NA,NA,NA
2026,new,,Gabe Whisenhunt (Oregon State),Gabe Whisenhunt,Oregon State,133,30,NA,0,2,NA,NA,NA,NA,NA
2026,new,,Gable Porter (Virginia),Gable Porter,Virginia,141,27,NA,1,2,NA,NA,NA,NA,NA
2026,new,,Gage Walker (Missouri),Gage Walker,Missouri,133,19,NA,1,2,NA,NA,NA,NA,NA
2026,new,,Garrett Grice (Iowa State),Garrett Grice,Iowa State,133,28,NA,2,2,NA,NA,NA,NA,NA
2026,new,,Garrett McChesney (Edinboro),Garrett McChesney,Edinboro,157,31,NA,0,2,NA,NA,NA,NA,NA
2026,new,,Grant O`Dell (Bellarmine),Grant O`Dell,Bellarmine,174,33,NA,1,2,NA,NA,NA,NA,NA
2026,new,,Gunner Andrick (West Virginia),Gunner Andrick,West Virginia,133,18,NA,1,2,NA,NA,NA,NA,NA
2026,new,,Holden Garcia (Princeton),Holden Garcia,Princeton,174,28,NA,0,2,NA,NA,NA,NA,NA
2026,new,,Jace Schafer (Bloomsburg),Jace Schafer,Bloomsburg,125,33,NA,0,2,NA,NA,NA,NA,NA
2026,new,,Jack Consiglio (Stanford),Jack Consiglio,Stanford,141,10,NA,2,2,NA,NA,NA,NA,NA
2026,new,,Jack Forbes (Utah Valley),Jack Forbes,Utah Valley,285,30,NA,2,2,NA,NA,NA,NA,NA
2026,new,,Jaivon Jones (Little Rock),Jaivon Jones,Little Rock,157,24,NA,2,2,NA,NA,NA,NA,NA
2026,new,,Jake Dailey (North Carolina),Jake Dailey,North Carolina,184,18,NA,1,2,NA,NA,NA,NA,NA
2026,new,,Jarrett Stoner (Missouri),Jarrett Stoner,Missouri,285,28,NA,0,2,NA,NA,NA,NA,NA
2026,new,,Jax Forrest (Oklahoma State),Jax Forrest,Oklahoma State,133,1,First,5,0,NA,NA,NA,NA,NA
2026,new,,Jaxon Joy (Cornell),Jaxon Joy,Cornell,149,2,NA,2,2,NA,NA,NA,NA,NA
2026,new,,Jeb Prechtel (Bellarmine),Jeb Prechtel,Bellarmine,157,32,NA,0,2,NA,NA,NA,NA,NA
2026,new,,Joe Curtis (Columbia),Joe Curtis,Columbia,184,24,NA,0,2,NA,NA,NA,NA,NA
2026,new,,Jonathan Ley (Navy),Jonathan Ley,Navy,157,26,NA,0,2,NA,NA,NA,NA,NA
2026,new,,Kade Brown (Pittsburgh),Kade Brown,Pittsburgh,149,28,NA,0,2,NA,NA,NA,NA,NA
2026,new,,Kade Rule (Chattanooga),Kade Rule,Chattanooga,197,30,NA,0,2,NA,NA,NA,NA,NA
2026,new,,Kael Bennie (Utah Valley),Kael Bennie,Utah Valley,197,31,NA,0,2,NA,NA,NA,NA,NA
2026,new,,Kael Lauridsen (Nebraska),Kael Lauridsen,Nebraska,125,25,NA,1,2,NA,NA,NA,NA,NA
2026,new,,Kael Wisler (Michigan State),Kael Wisler,Michigan State,197,28,NA,0,2,NA,NA,NA,NA,NA
2026,new,,Kaleb Burgess (Buffalo),Kaleb Burgess,Buffalo,157,23,NA,1,2,NA,NA,NA,NA,NA
2026,new,,Kaleb Larkin (Arizona State),Kaleb Larkin,Arizona State,157,4,NA,2,2,NA,NA,NA,NA,NA
2026,new,,Karson Tompkins (Air Force),Karson Tompkins,Air Force,197,33,NA,1,2,NA,NA,NA,NA,NA
2026,new,,Koy Hopke (Minnesota),Koy Hopke,Minnesota,285,14,NA,2,2,NA,NA,NA,NA,NA
2026,new,,Kyler Larkin (Arizona State),Kyler Larkin,Arizona State,133,5,NA,2,2,NA,NA,NA,NA,NA
2026,new,,LJ Araujo (Nebraska),LJ Araujo,Nebraska,165,6,NA,1,2,NA,NA,NA,NA,NA
2026,new,,LaDarion Lockett (Oklahoma State),LaDarion Lockett,Oklahoma State,165,5,NA,2,2,NA,NA,NA,NA,NA
2026,new,,Laird Root (North Carolina),Laird Root,North Carolina,157,30,NA,1,2,NA,NA,NA,NA,NA
2026,new,,Landon Robideau (Oklahoma State),Landon Robideau,Oklahoma State,157,5,First,5,0,NA,NA,NA,NA,NA
2026,new,,Logan Messer (George Mason),Logan Messer,George Mason,174,19,NA,1,2,NA,NA,NA,NA,NA
2026,new,,Lucas Kapusta (Lock Haven),Lucas Kapusta,Lock Haven,149,17,NA,0,2,NA,NA,NA,NA,NA
2026,new,,Luke Condon (Wisconsin),Luke Condon,Wisconsin,174,32,NA,0,2,NA,NA,NA,NA,NA
2026,new,,Luke Mechler (Wisconsin),Luke Mechler,Wisconsin,157,17,NA,1,2,NA,NA,NA,NA,NA
2026,new,,Luke Simcox (North Carolina),Luke Simcox,North Carolina,141,12,NA,1,2,NA,NA,NA,NA,NA
2026,new,,Luke Willochell (Wyoming),Luke Willochell,Wyoming,133,29,NA,0,2,NA,NA,NA,NA,NA
2026,new,,Mack Mauger (Missouri),Mack Mauger,Missouri,125,32,NA,1,2,NA,NA,NA,NA,NA
2026,new,,Mahonri Rushton (Northern Colorado),Mahonri Rushton,Northern Colorado,184,31,NA,0,2,NA,NA,NA,NA,NA
2026,new,,Marcel Lopez (SIU Edwardsville),Marcel Lopez,SIU Edwardsville,133,27,NA,1,2,NA,NA,NA,NA,NA
2026,new,,Marcus Blaze (Penn State),Marcus Blaze,Penn State,133,3,Fourth,4,2,NA,NA,NA,NA,NA
2026,new,,Markel Baker (Northern Illinois),Markel Baker,Northern Illinois,133,8,NA,2,2,NA,NA,NA,NA,NA
2026,new,,Mason Rebuck (Bloomsburg),Mason Rebuck,Bloomsburg,285,33,NA,0,2,NA,NA,NA,NA,NA
2026,new,,Matthew Martino (Princeton),Matthew Martino,Princeton,141,32,NA,1,2,NA,NA,NA,NA,NA
2026,new,,Max Petersen (North Dakota State),Max Petersen,North Dakota State,149,23,NA,2,2,NA,NA,NA,NA,NA
2026,new,,Michael Gioffre (Illinois),Michael Gioffre,Illinois,149,25,NA,2,2,NA,NA,NA,NA,NA
2026,new,,Mikey Squires (Binghamton),Mikey Squires,Binghamton,197,23,NA,1,2,NA,NA,NA,NA,NA
2026,new,,Moses Espinoza-Owens (South Dakota State),Moses Espinoza-Owens,South Dakota State,174,14,NA,2,2,NA,NA,NA,NA,NA
2026,new,,Nate Schon (Drexel),Nate Schon,Drexel,285,19,NA,0,2,NA,NA,NA,NA,NA
2026,new,,Nick Fox (Northern Iowa),Nick Fox,Northern Iowa,184,29,NA,1,2,NA,NA,NA,NA,NA
2026,new,,PJ Duke (Penn State),PJ Duke,Penn State,157,1,Third,5,1,NA,NA,NA,NA,NA
2026,new,,Pierson Manville (Arizona State),Pierson Manville,Arizona State,141,28,NA,0,2,NA,NA,NA,NA,NA
2026,new,,Riley Davis (Wyoming),Riley Davis,Wyoming,174,30,NA,1,2,NA,NA,NA,NA,NA
2026,new,,Rune Lawrence (West Virginia),Rune Lawrence,West Virginia,197,21,NA,1,2,NA,NA,NA,NA,NA
2026,new,,Ryan Michaels (Edinboro),Ryan Michaels,Edinboro,149,31,NA,0,2,NA,NA,NA,NA,NA
2026,new,,Ryan Vigil (VMI),Ryan Vigil,VMI,165,33,NA,0,2,NA,NA,NA,NA,NA
2026,new,,Ryder Block (Iowa),Ryder Block,Iowa,149,15,Sixth,5,3,NA,NA,NA,NA,NA
2026,new,,Rylan Rogers (Lehigh),Rylan Rogers,Lehigh,184,16,NA,3,2,NA,NA,NA,NA,NA
2026,new,,Sam Goin (Indiana),Sam Goin,Indiana,184,33,NA,1,2,NA,NA,NA,NA,NA
2026,new,,Sean Seefeldt (Penn),Sean Seefeldt,Penn,165,24,NA,1,2,NA,NA,NA,NA,NA
2026,new,,Sergio Vega (Oklahoma State),Sergio Vega,Oklahoma State,141,2,First,5,0,NA,NA,NA,NA,NA
2026,new,,Spencer Lanosga (Navy),Spencer Lanosga,Navy,285,13,NA,1,2,NA,NA,NA,NA,NA
2026,new,,Sulayman Bah (Columbia),Sulayman Bah,Columbia,125,30,NA,1,2,NA,NA,NA,NA,NA
2026,new,,Tyler Bienus (Bucknell),Tyler Bienus,Bucknell,184,30,NA,0,2,NA,NA,NA,NA,NA
2026,new,,Tyler Chappell (Pittsburgh),Tyler Chappell,Pittsburgh,125,29,NA,1,2,NA,NA,NA,NA,NA
2026,new,,Vincent Mueller (Columbia),Vincent Mueller,Columbia,285,17,NA,1,2,NA,NA,NA,NA,NA
2026,new,,Will Betancourt (Rider),Will Betancourt,Rider,133,25,NA,1,2,NA,NA,NA,NA,NA
2026,new,,Will Denny (NC State),Will Denny,NC State,165,10,NA,2,2,NA,NA,NA,NA,NA
2026,new,,Wyatt Ingham (Wisconsin),Wyatt Ingham,Wisconsin,197,20,NA,0,2,NA,NA,NA,NA,NA
2026,new,,Yannis Charles (Morgan State),Yannis Charles,Morgan State,157,33,NA,1,2,NA,NA,NA,NA,NA
2026,new,,Zack Ryder (Oklahoma State),Zack Ryder,Oklahoma State,184,22,Eighth,4,3,NA,NA,NA,NA,NA
